1,"JSU - Jewish Student Union, National Honor Society, Pickleball Club, Volleyball Team, We Belong (formerly Best Buddies)"
2,"HOSA Future Health Professionals, MSA - Muslim Student Association, MUN - Model United Nations, Pre-Med Club, Science National Honor Society"
3,"Basketball, Class of 2026, Horizon, Lacrosse"
4,"Chinese Culture Club, Crocheting & Knitting Club, MSA - Muslim Student Association, MUN - Model United Nations, National Chinese Honor Society, National English Honor Society, National History Honor Society, National Honor Society"
5,"Cross Country, Indoor Track, Outdoor Track"
6,"French Club, National Art Honor Society, National French Honor Society, Science National Honor Society"
7,"Baseball, Football, MUN - Model United Nations, National History Honor Society"
8,"Football, National Honor Society"
9,"Indian Dance Club, National Math Honor Society"
10,"Color Guard, Film & Photo Club, German Club, Humanities Program, Marching Band, National Honor Society,  Science National Honor Society, Orchestra Program, Skyward Theatre, Tri-M Music Honor Society"
11,"Baseball, Class of 2026, FCA - Fellowship of Christian Athletes, FICC - Fincancial Investment Club/Competition, Horizon, Wingspan"
12,"Class of 2026, FBLA - Future Business Leaders of America, Lacrosse"
13,"Humanities Program, Student advocacy club, wounded warriors club"
14,"National English Honor Society, Soccer"
15,"Class of 2026, Horizon, Pickleball Club, We Belong (formerly Best Buddies),"
16,"Band, Color Guard, Humanities Program, Marching Band, MUN - Model United Nations, National Honor Society, National Social Studies Honor Society - Rho Kappa, Skyward Theatre"
17,"Chinese Culture Club, Color Guard, Indoor Track, Marching Band, National Chinese Honor Society, National Technical Honor Society, Outdoor Track, PLTW - Project Lead the Way, Tri-M Music Honor Society"
18,none
19,"Class of 2026, Football, JSU - Jewish Student Union, Outdoor Track, Skyward Theatre"
20,"Math Team, Pyoneers"
21,"Basketball, Chinese Culture Club, FCA - Fellowship of Christian Athletes, Lacrosse, National Chinese Honor Society, Pickleball Club, Soccer"
22,"Awkward Improv, National Honor Society, National Social Studies Honor Society - Rho Kappa, Orchestra Program, Student Advocacy Organization"
23,"Amnesty International, Badminton Club, Cranes4Kids, Crocheting & Knitting Club, Golf, HOSA Future Health Professionals, Humanities Program, It's Academic, Live Poet's Society, MUN - Model United Nations, National English Honor Society, National History Honor Society, National Honor Society, Science National Honor Society, National Social Studies Honor Society - Rho Kappa, PLTW - Project Lead the Way"
24,"Cranes4Kids, Crocheting & Knitting Club, Culinary Club, Habitat for Humanity, National Art Honor Society, National English Honor Society, National History Honor Society, National Honor Society, Pre-Med Club, Red Cross, Science National Honor Society"
25,"Aquila Literary Magazine, Class of 2026, Humanities Program, National Art Honor Society, National English Honor Society, National Honor Society, National Social Studies Honor Society - Rho Kappa, Wrestling, Writing Circle"
26,"Choral Program, Indoor Track, JSU - Jewish Student Union, Morning Announcements, Outdoor Track, Writing Club"
27,"ARL, National Honor Society"
28,"FBLA - Future Business Leaders of America, FICC - Fincancial Investment Club/Competition"
29,none
30,none
31,"Cross Country, Indoor Track, Outdoor Club, Outdoor Track"
32,"BeautyinMe, Horizon, Volleyball Team, We Belong (formerly Best Buddies)"
33,"Amnesty International, Ethics Bowl, Humanities Advisory Board, Humanities Program, MUN - Model United Nations, National English Honor Society, National Honor Society, National Social Studies Honor Society - Rho Kappa, Tennis"
34,"Class of 2026, Fantasy Sports Club, Indoor Track, It's Academic, Machine Learning in Medicine, Outdoor Track"
35,"Choral Program, Class of 2026, FTC Robotics, PLTW - Project Lead the Way, Ultimate Disc Club"
36,"Humanities Program, Soccer"
37,"C# A cappella, FBLA - Future Business Leaders of America, National French Honor Society, National Honor Society, Skyward Theatre, Ultimate Disc Club"
38,"National Art Honor Society, National Honor Society, Science National Honor Society, Science National Honor Society, Wingspan"
39,"Baseball, FCA - Fellowship of Christian Athletes, Horizon, Soccer"
40,"ARL, Football"
41,"Aquila Literary Magazine, Cranes4Kids, Crocheting & Knitting Club, National Art Honor Society, Science National Honor Society"
42,"Band, Chess Club, Class of 2026, Indoor Track, Marching Band, National Technical Honor Society, Outdoor Track"
43,MSA - Muslim Student Association
44,"Chinese Culture Club, Indoor Track, National Chinese Honor Society, Outdoor Track, Philosophy Club"
45,"Crocheting & Knitting Club, Habitat for Humanity, HOSA Future Health Professionals, National Honor Society, Science National Honor Society, SASA - South Asian Student Association, Science National Honor Society, Science Olympiad"
46,"MUN - Model United Nations, National History Honor Society"
47,"Baseball, Class of 2027"
48,"Class of 2027, Orchestra Program"
49,Youth Alive
50,"Chess Club, Writing Club, Robotics Club"
51,"BSU - Black Student Union, Football, Indoor Track, Outdoor Track"
52,"Choral Program, Class of 2027, FIFA, Outdoor Track, Salvation Army Club"
53,none
54,none
55,"Class of 2027, Soccer"
56,"Class of 2027, Soccer"
57,Class of 2027
58,Dance
59,"Amnesty International, MSA - Muslim Student Association, Rubik's Cube Club"
60,"Salvation Army Club, Soccer"
61,"Class of 2027, Woodworking Club"
62,"Class of 2027, Ice Hockey, Wounded Warriors Club"
63,"Cross Country, Indoor Track, Outdoor Club, Outdoor Track"
64,"Class of 2027, Dance, Drill Team, Field Hockey, Lacrosse, National Dance Honor Society -  Delta Eta Pi, We Belong (formerly Best Buddies)"
65,"Graphics Club, National Art Honor Society, Skyward Theatre, Writing Club"
66,"Class of 2027, Lacrosse, MSA - Muslim Student Association, Orchestra Program, Soccer"
67,"National Art Honor Society, Science National Honor Society"
68,"Beyond School Hours Tutoring, Crocheting & Knitting Club, Make-A-Wish, Maryland Voices, National English Honor Society, National History Honor Society, National Honor Society, Science National Honor Society, National Spanish Honor Society, UNICEF"
69,ARL
70,"BeautyinMe, Choral Program, Field Hockey, National Honor Society, We Belong (formerly Best Buddies), Wingspan, Young Dems, Sports for Kids"
71,Marching Band
72,"MSA - Muslim Student Association, Pickleball Club, Soccer"
73,none
74,"National French Honor Society, National Honor Society, National Math Honor Society, Salvation Army Club"
75,Soccer
76,"Beyond School Hours Tutoring, Class of 2026, JSU - Jewish Student Union, Key Club, Science National Honor Society, National Technical Honor Society"
77,"Choral Program, Class of 2026, Field Hockey, Humanities Program, National Social Studies Honor Society - Rho Kappa, SGA - Student Government Association, Skyward Theatre"
78,"BeautyinMe, BSU - Black Student Union, Class of 2026, Indoor Track, Outdoor Track, Scholars Leadership Program"
79,"American Sign Language, JSU - Jewish Student Union, National Art Honor Society, Science National Honor Society"
80,"Classic Literature Club, MUN - Model United Nations, National Art Honor Society, National English Honor Society, National History Honor Society"
81,"Baseball, Football"
82,"Basketball, Horizon, Wingspan, Yearbook"
83,"Band, Class of 2026, Cross Country, Marching Band"
84,none
85,"FCA - Fellowship of Christian Athletes, Lacrosse"
86,"Cross Country, Horizon, Indoor Track, Outdoor Track, Sports for Kids"
87,"BeautyinMe, Beyond School Hours Tutoring, BSU - Black Student Union, Class of 2026, Dance, National Dance Honor Society -  Delta Eta Pi, National Honor Society, National Math Honor Society, SGA - Student Government Association"
88,"KASA - Korean American Student Association, Key Club, National Art Honor Society, PAWS"
89,"Lacrosse, National Honor Society, Soccer"
90,"6th Man, ARL, Baseball, Class of 2026, Fantasy Sports Club, Golf, FCA - Fellowship of Christian Athletes"
91,"BeautyinMe, Dance, National Dance Honor Society -  Delta Eta Pi, National French Honor Society, National Math Honor Society"
92,"Band, Film & Photo Club, Humanities Program, It's Academic"
93,"Class of 2026, Culinary Club, FBLA - Future Business Leaders of America, French Club, Green School, Humanities Program, National English Honor Society, National History Honor Society, National Math Honor Society, Science National Honor Society, National Social Studies Honor Society - Rho Kappa, National Spanish Honor Society, South Asian Culture Club"
94,none
95,"Class of 2026, Cross Country, FCA - Fellowship of Christian Athletes, Indoor Track, Outdoor Club, Outdoor Track"
96,"ARL, Class of 2025"
97,"Competitive Coding, Math Team, Pyoneers"
98,"Empire Mock Trial, Lacrosse, Mock Trial, SGA - Student Government Association"
99,"Band, Class of 2025, Humanities Program, Indian Dance Club, Jazz Band, K-pop, Marching Band, Music Mentors, Music Outreach Program, Science Olympiad, Tri-M Music Honor Society"
100,"Band, Class of 2025, Writing Club"
101,"Band, Habitat for Humanity, Humanities Program, Intern Mentor, Marching Band, Math Journal, Physics Club, SASA - South Asian Student Association"
102,"Class of 2025, Competitive Coding, Math Team, Music Mentors, Pyoneers"
103,"FTC Robotics, MSA - Muslim Student Association, Pyoneers"
104,"Anime Club, Awkward Improv, Choral Program, Class of 2025, Humanities Program, It's Academic, National Art Honor Society, National French Honor Society, National Honor Society, Ultimate Disc Club, Woodworking Club"
105,"Choral Program, Class of 2025, Ultimate Disc Club, Writing Club"
106,"Choral Program, Class of 2028, It's Academic, National Honor Society, National Math Honor Society, Pre-Med Club, Science Olympiad, Skyward Theatre"
107,"Competitive Coding, Humanities Program, Intern Mentor, Math Team, National Math Honor Society, Pyoneers"
108,"Band, Cross Country, German Club, Intern Mentor, Marching Band, Music Outreach Program, National German Honor Society, National Honor Society, National Math Honor Society, Science National Honor Society, Outdoor Club, Outdoor Track, PLTW - Project Lead the Way, Science National Honor Society, Tri-M Music Honor Society, Wingspan, Wrestling, Youth Climate Institute"
109,"Chinese Culture Club, National Chinese Honor Society, Orchestra Program, PLTW - Project Lead the Way"
110,"Cross Country, FCA - Fellowship of Christian Athletes, Humanities Program, Indoor Track, National Honor Society, Outdoor Club, Outdoor Track"
111,National Technical Honor Society
112,"ARL, Band, Class of 2026, Marching Band, Music Mentors, Science National Honor Society, Pre-Med Club, Tri-M Music Honor Society"
113,"Choral Program, Humanities Program, National History Honor Society, PLTW - Project Lead the Way"
114,"Awkward Improv, German Club, National German Honor Society, National Honor Society, SAGA - Sexuality & Gender Alliance, Skyward Theatre, Woodworking Club"
115,"Class of 2026, Competitive Coding, Golf, Intern Mentor, Jazz Band, KASA - Korean American Student Association, Marching Band, Math Team, Music Mentors, National Honor Society, National Math Honor Society, Physics Club, Pyoneers, Science Olympiad"
116,"Cheerleading, Class of 2026, International Thespian Society, MUN - Model United Nations, National English Honor Society, National History Honor Society, National Honor Society, National Math Honor Society, Science National Honor Society, National Social Studies Honor Society - Rho Kappa, National Spanish Honor Society"
117,"Class of 2027, It's Academic, Math Team"
118,"FBLA - Future Business Leaders of America, FICC - Fincancial Investment Club/Competition, Lacrosse"
119,"Class of 2027, It's Academic, National Math Honor Society, Orchestra Program, Science Olympiad"
120,"ARL, Badminton Club, Chinese Culture Club, Class of 2025, Creactive Youth, Horizon, Indoor Track, Salvation Army Club"
121,"American Cancer Society, Class of 2026, French Club, Girl STEMpowerment, Humanities Program, Key Club, National English Honor Society, National French Honor Society, National Math Honor Society, Science National Honor Society, Pre-Med Club"
122,"Classic Literature Club, Color Guard, LetterPals, Live Poet's Society, National English Honor Society, National French Honor Society, National History Honor Society, Writing Club"
123,"Humanities Program, Intern Mentor, National Honor Society, Science National Honor Society, Science Olympiad"
124,"Class of 2026, Cross Country, Indoor Track, Outdoor Club, Outdoor Track"
125,"Humanities Program, It's Academic, National English Honor Society, National Math Honor Society, Tennis"
126,"Band, Marching Band, Music Mentors, National Art Honor Society, Science Olympiad, Tri-M Music Honor Society"
127,"National Math Honor Society, Science National Honor Society, Tri-M Music Honor Society, Wingspan"
128,"Graphics Club, Humanities Program, Marching Band, Math Team, Science Olympiad, Wingspan"
129,"Choral Program, Class of 2026, FCA - Fellowship of Christian Athletes, Field Hockey, Humanities Program, Lacrosse, National Honor Society, We Belong (formerly Best Buddies), Young Dems"
130,"Awkward Improv, Class of 2026, Skyward Theatre, Woodworking Club"
131,"American Cancer Society, Class of 2026, FCA - Fellowship of Christian Athletes, Girl STEMpowerment, Humanities Program, National English Honor Society, National Honor Society, Science National Honor Society, PLTW - Project Lead the Way, Red Cross, Science National Honor Society, Softball"
132,"Awkward Improv, Class of 2026, HOSA Future Health Professionals, Humanities Program, Intern Mentor, International Thespian Society, It's Academic, National Honor Society, National Math Honor Society, Science National Honor Society, Pre-Med Club, Science Olympiad, Skyward Theatre"
133,none
134,French Club
135,"Chinese Culture Club, Humanities Program, National Chinese Honor Society, National English Honor Society, National Honor Society, Orchestra Program"
136,"French Club, Habitat for Humanity, Humanities Program, Key Club, National English Honor Society, National French Honor Society, National Math Honor Society, Orchestra Program, Science National Honor Society, UNICEF"
137,"Awkward Improv, Class of 2026, Humanities Program, International Thespian Society, Morning Announcements, National English Honor Society, National Honor Society, National Technical Honor Society, Skyward Theatre, Ultimate Disc Club"
138,"Machine Learning in Medicine, MUN - Model United Nations, National Technical Honor Society"
139,"Class of 2026, French Club, Girl STEMpowerment, Indoor Track, MSA - Muslim Student Association, Muslim Student Association, National Art Honor Society, National French Honor Society, Outdoor Club, Outdoor Track, Volunteens"
140,"Badminton Club, Band, Humanities Program, Marching Band, Music Mentors, National Chinese Honor Society, National Science Honor Society, Pre-Med Club, Tennis, Tri-M Music Honor Society"
141,"Class of 2026, Film & Photo Club, Humanities Program, Skyward Theatre"
142,"Class of 2026, National English Honor Society, Salvation Army Club, Skyward Theatre, International Thespian Society"
143,"National Honor Society, National Math Honor Society, Soccer"
144,"ARL, Cranes4Kids, National Spanish Honor Society, National Technical Honor Society, Outdoor Track, Wounded Warriors Club"
145,"Field Hockey, Lacrosse, National English Honor Society"
146,"Amnesty International, ARL, Class of 2026, Ethics Bowl, Orchestra Program, Red Cross"
147,"Chess Club, Class of 2026, FTC Robotics, National Technical Honor Society, PLTW - Project Lead the Way, Woodworking Club"
148,"Astronomy Club, Steel Drum Band, Writing Club"
149,"Band, Class of 2025, Humanities Program, Marching Band, MUN - Model United Nations, Music Mentors, National Honor Society, National Social Studies Honor Society - Rho Kappa, National Technical Honor Society, Outdoor Track, PLTW - Project Lead the Way, Red Cross, Science National Honor Society, Steel Drum Band, Tri-M Music Honor Society"
150,"Band, Class of 2026, Jazz Band, Marching Band, Music Mentors, Music Outreach Program, National Math Honor Society, Tri-M Music Honor Society"
151,It's Academic
152,"Badminton Club, Chinese Culture Club, Class of 2026, National Art Honor Society, Pre-Med Club, Science National Honor Society, Science Olympiad"
153,"Badminton Club, Class of 2026, National History Honor Society, National Math Honor Society, National Social Studies Honor Society - Rho Kappa, National Spanish Honor Society, Science National Honor Society"
154,none
155,none
156,none
157,none
158,none
159,none
160,KASA - Korean American Student Association
161,Class of 2027
162,none
163,"Choral Program, Class of 2027"
164,none
165,Class of 2027
166,"BSU - Black Student Union, Football"
167,none
168,FBLA - Future Business Leaders of America
169,"Baseball, Class of 2027"
170,none 
171,"Basketball, BSU - Black Student Union, Class of 2027, Lacrosse, Scholars Leadership Program"
172,Skyward Theatre
173,Indoor Track
174,"Alpha Achievers, BSU - Black Student Union, Choral Program, Class of 2027, Skyward Theatre, Tri-M Music Honor Society"
175,Class of 2027
176,"Class of 2027, Gaming Club, National Technical Honor Society, Outdoor Track"
177,Make-A-Wish
178,"CyberPatriots, FBLA - Future Business Leaders of America, FTC Robotics, Intern Mentor, Machine Learning in Medicine, National Technical Honor Society, Tech Journal, Web Development Club, Youth Climate Institute"
179,National Chinese Honor Society
180,"Class of 2026, French Club"
181,"FTC Robotics, Math Team, Web Development Club"
182,"AI Club, CAD Club, Machine Learning in Medicine, Pre-Med Club, Red Cross, Youth Climate Institute"
183,"Beyond School Hours Tutoring, Chess Club, It's Academic, Math Journal, Math Team, National Math Honor Society, Physics Club, Science Olympiad, Tennis"
184,"ARL, Indian Dance Club, SASA - South Asian Student Association, Speech & Debate Team"
185,"Class of 2026, Humanities Program, MUN - Model United Nations, Speech & Debate Team"
186,"Ethics Bowl, Humanities Program, It's Academic, Math Journal, Math Team, Physics Club"
187,"Intern Mentor, National English Honor Society, National History Honor Society, National Math Honor Society, Red Cross, National Social Studies Honor Society - Rho Kappa, SGA - Student Government Association, Soccer"
188,"Class of 2026, MUN - Model United Nations, National Honor Society, SASA - South Asian Student Association, Science National Honor Society, Tennis"
189,"Class of 2026, FBLA - Future Business Leaders of America, National Technical Honor Society, Pyoneers"
190,"Machine Learning in Medicine, National Technical Honor Society, Speech & Debate Team"
191,"Badminton Club, Chess Club, Math Team, National Math Honor Society, Physics Club"
192,"Awkward Improv, Choral Program, Class of 2026, It's Academic, Music Outreach Program, National Honor Society, Skyward Theatre, Tri-M Music Honor Society"
193,"Lacrosse, National Honor Society, Pickleball Club, Soccer, Wingspan"
194,"Band, C# A cappella, Choral Program, Marching Band, Music Mentors, Music Outreach Program, Resonance, Skyward Theatre, Steel Drum Band, Tri-M Music Honor Society"
195,"Badminton Club, Chinese Culture Club, French Club, Key Club, National Math Honor Society, Orchestra Program, Physics Club, Science National Honor Society, Tri-M Music Honor Society"
196,"Band, FBLA - Future Business Leaders of America, Math Team, Music Mentors, National Honor Society, National Math Honor Society, Science National Honor Society, Science Bowl, Tri-M Music Honor Society"
197,"Baseball, Wrestling"
198,"Chess Club, Competitive Coding, Math Team, National Math Honor Society, Ultimate Disc Club"
199,"Chess Club, National English Honor Society, National Honor Society, National Math Honor Society, Science National Honor Society, National Technical Honor Society, Pyoneers, Web Development Club"
200,"Baseball, Class of 2026, FBLA - Future Business Leaders of America, FICC - Fincancial Investment Club/Competition, Golf, Humanities Program"
201,"Creactive Youth, Green School, K-pop, Science National Honor Society, Orchestra Program, Tri-M Music Honor Society"
202,"CyberPatriots, FBLA - Future Business Leaders of America, Girls Who Code, Intern Mentor, MSA - Muslim Student Association, National Math Honor Society, National Technical Honor Society"
203,"National Honor Society, National Math Honor Society, National Spanish Honor Society, Tennis"
204,"Drill Team, Graphics Club, National French Honor Society, National Math Honor Society, Science National Honor Society, SGA - Student Government Association, Speech & Debate Team, Tri-M Music Honor Society"
205,"AI Club, CAD Club, Chess Club, Class of 2026, CyberPatriots, FTC Robotics, National English Honor Society, National Technical Honor Society, Pickleball Club, Pyoneers, Rubik's Cube Club, Tech Journal, Web Development Club"
206,"Band, Class of 2026, Humanities Program, Indoor Track, Marching Band, National Math Honor Society, Science National Honor Society, Outdoor Track"
207,"French Club, Habitat for Humanity, Marching Band, National French Honor Society, National Honor Society, National Math Honor Society, Science National Honor Society, National Technical Honor Society, Pyoneers"
208,"Football, National Technical Honor Society"
209,"ARL, Band, Class of 2026, Film & Photo Club, FTC Robotics, Golf, Marching Band, Outdoor Club, Ultimate Disc Club"
210,"Humanities Program, Intern Mentor, Math Team, National English Honor Society, National History Honor Society, National Honor Society, National Math Honor Society, Science National Honor Society, National Social Studies Honor Society - Rho Kappa, National Spanish Honor Society, Pyoneers"
211,"American Cancer Society, Field Hockey, Green School, Lacrosse, Young Dems"
212,"It's Academic, Math Team, National Technical Honor Society, PLTW - Project Lead the Way, Soccer"
213,"Class of 2026, Intern Mentor, Machine Learning in Medicine, Marching Band, SASA - South Asian Student Association, Science Olympiad"
214,"Band, Marching Band, Music Mentors, National English Honor Society, National Honor Society, Science National Honor Society, National Spanish Honor Society, Tri-M Music Honor Society"
215,"ARL, Badminton Club, Chess Club, Class of 2026, FBLA - Future Business Leaders of America, HOSA Future Health Professionals, Humanities Program, Indian Dance Club, National Math Honor Society, National Technical Honor Society, PLTW - Project Lead the Way, Science Olympiad, Speech & Debate Team"
216,"American Sign Language, Girl STEMpowerment, National Math Honor Society, Science National Honor Society, National Social Studies Honor Society - Rho Kappa, National Spanish Honor Society, National Technical Honor Society"
217,"Class of 2026, Humanities Program, National History Honor Society, National Honor Society, Science National Honor Society, Orchestra Program, Tri-M Music Honor Society"
218,"Class of 2026, Humanities Program, Orchestra Program"
219,"Class of 2025, Music Mentors, Physics Club"
220,"Class of 2025, Soccer"
221,"Investment Club, Lacrosse"
222,Yearbook
223,"Badminton Club, Class of 2025, Green School, Hindu Hand Art, Key Club, MSA - Muslim Student Association, PLTW - Project Lead the Way, Yearbook"
224,"Girl STEMpowerment, Girl Up Foundation, JSU - Jewish Student Union, National French Honor Society, Science National Honor Society, National Social Studies Honor Society - Rho Kappa, Volleyball Team, Volunteens, We Belong (formerly Best Buddies)"
225,"Class of 2026, National Art Honor Society, Skyward Theatre"
226,"Class of 2025, Philosophy Club"
227,"C# A cappella, Outdoor Club, Skyward Theatre, Yearbook"
228,Chess Club
229,"Class of 2027, Soccer, Wrestling"
230,Cheerleading
231,"Class of 2027, Softball"
232,"Cheerleading, Class of 2027, Dance, National Dance Honor Society -  Delta Eta Pi"
233,"Gaming Club, It's Academic"
234,Soccer
235,Soccer
236,"Pre-Med Club, Red Cross, Student Board"
237,Class of 2027
238,"BSU - Black Student Union, Class of 2027, Youth Alive, Leadership scholars "
239,"Baseball, Class of 2027"
240,"CyberPatriots, FTC Robotics, MSA - Muslim Student Association, Pyoneers, Web Development Club"
241,Astronomy Club
242,none
243,PAWS
244,none
245,"Class of 2027, Film & Photo Club"
246,"Baseball, Football"
247,BSU - Black Student Union
248,Alpha Achievers
249,Key Club
250,none
251,"Astronomy Club, Key Club, National Art Honor Society, National Chinese Honor Society"
252,"Alpha Achievers, BSU - Black Student Union, Class of 2027, Theater Tech"
253,Anime Club
254,"Band, Jazz Band, Marching Band, Ultimate Disc Club"
255,"Pyoneers, Salvation Army Club, Ultimate Disc Club"
256,"Band, Chinese Culture Club, National Chinese Honor Society, National English Honor Society, National Technical Honor Society, Ultimate Disc Club"
257,"AI Club, Ultimate Disc Club"
258,"Class of 2027, PAWS, Softball, Tri-M Music Honor Society"
259,"Band, Humanities Program, Indian Dance Club, Jazz Band, Marching Band, Math Team, Music Mentors, National Math Honor Society, Physics Club, PLTW - Project Lead the Way, Science Olympiad"
260,"Humanities Program, MSA - Muslim Student Association, Pyoneers"
261,"Class of 2025, FBLA - Future Business Leaders of America, Girls Who Code, Intern Mentor, MSA - Muslim Student Association, National Honor Society, National Psychology Honor Society (Psi Alpha), Science National Honor Society, Psi Alpha Honor Society, SGA - Student Government Association, Wingspan"
262,"Class of 2027, HOSA Future Health Professionals, Lacrosse, Pre-Med Club, Red Cross, Tri-M Music Honor Society"
263,"Ethics Bowl, Humanities Program, National French Honor Society, Pre-Med Club"
264,"Intern Mentor, Jazz Band, Marching Band, Music Mentors, Music Outreach Program, National History Honor Society, Skyward Theatre, Speech & Debate Team, Tri-M Music Honor Society"
265,"BeautyinMe, Cheerleading, Dance, Drill Team, JSU - Jewish Student Union, National Dance Honor Society -  Delta Eta Pi"
266,"Awkward Improv, Class of 2027, Morning Announcements, Skyward Theatre, Ultimate Disc Club, Wingspan"
267,"Class of 2027, FICC - Fincancial Investment Club/Competition, Girl Up Foundation, Lacrosse, Science Olympiad"
268,"Astronomy Club, Graphics Club"
269,"Aquila Literary Magazine, Astronomy Club, Girl Up Foundation, National Art Honor Society, Pre-Med Club, UNICEF, Wingspan"
270,"Class of 2027, Tennis"
271,"Band, C# A cappella, Class of 2025, Jazz Band, LetterPals, Marching Band, Music Mentors, Music Outreach Program"
272,"National English Honor Society, Wingspan"
273,"ENP - Equity Now, Period, FBLA - Future Business Leaders of America, Girl Up Foundation, Humanities Program, Morning Announcements, National History Honor Society, National Honor Society, National Math Honor Society, National Technical Honor Society, Speech & Debate Team"
274,Ultimate Disc Club
275,"Band, Class of 2025, Humanities Program, It's Academic, Marching Band, Music Mentors, National Honor Society, Science Bowl, Science Olympiad, Tri-M Music Honor Society, Pit Orchestra"
276,"Band, FBLA - Future Business Leaders of America, HOSA Future Health Professionals, Humanities Program, It's Academic, Marching Band, Music Mentors, National Math Honor Society, Science Bowl, Science Olympiad, Soccer, Tri-M Music Honor Society"
277,"Amnesty International, Class of 2027, Color Guard, Humanities Program, National Art Honor Society, Skyward Theatre"
278,"American Cancer Society, American Sign Language, Class of 2025, French Club, HOSA Future Health Professionals, Humanities Program, Intern Mentor, National Honor Society, National Math Honor Society, Science National Honor Society, National Social Studies Honor Society - Rho Kappa, Orchestra Program, Outdoor Club, Red Cross, We Belong (formerly Best Buddies), Youth Alive, Zaching Against Cancer"
279,MSA - Muslim Student Association
280,"Astronomy Club, Band, CyberPatriots, FTC Robotics, Marching Band, Science Olympiad, Woodworking Club"
281,"Astronomy Club, Band, Marching Band, Writing Club"
282,"Indoor Track, Marching Band, Outdoor Track"
283,"Astronomy Club, Badminton Club, National Art Honor Society"
284,"Chess Club, FTC Robotics, Math Team, MUN - Model United Nations"
285,"Competitive Coding, Pyoneers"
286,"Chinese Culture Club, Class of 2026, MSA - Muslim Student Association, National Chinese Honor Society"
287,"Field Hockey, Humanities Program, Skyward Theatre, Speech & Debate Team"
288,"HOSA Future Health Professionals, K-pop, KASA - Korean American Student Association, National French Honor Society, Pre-Med Club, Tri-M Music Honor Society, Youth Alive"
289,"Cross Country, Ethics Bowl, Humanities Program, Intern Mentor, National English Honor Society, National History Honor Society, National Honor Society, Science National Honor Society, Youth Climate Institute"
290,"Class of 2025, Clothing Collective, KASA - Korean American Student Association, Salvation Army Club"
291,"Class of 2025, Fencing, French Club, Humanities Program, It's Academic, Music Mentors, National French Honor Society, National History Honor Society, National Honor Society, National Math Honor Society, Science National Honor Society, Orchestra Program, Science Bowl, Science Olympiad"
292,"Classic Literature Club, National Honor Society, National Math Honor Society, Red Cross, Science National Honor Society, Speech & Debate Team"
293,"Class of 2025, Field Hockey, French Club, Humanities Program, MUN - Model United Nations, Music Mentors, National English Honor Society, National Honor Society, National Math Honor Society, Orchestra Program, Science National Honor Society, Science Olympiad, Tri-M Music Honor Society"
294,"Band, Soccer"
295,"Ethics Bowl, Humanities Program, KASA - Korean American Student Association, Pyoneers, Speech & Debate Team"
296,Golf
297,"Band, Baseball, Jazz Band, National English Honor Society, Tri-M Music Honor Society"
298,"Class of 2026, Tennis, Ultimate Disc Club"
299,"Aquila Literary Magazine, Writing Club"
300,"German Club, Humanities Program, National Art Honor Society, National German Honor Society, SAGA - Sexuality & Gender Alliance, Skyward Theatre"
301,"AI Club, Beyond School Hours Tutoring, Class of 2027, CyberPatriots, HOSA Future Health Professionals, Intern Mentor, Math Journal, Math Team, National Math Honor Society, Science Bowl, Youth Climate Institute"
302,"American Cancer Society, Astronomy Club, Care4Kiddos, Choral Program, Key Club, National Honor Society, Red Cross, Science National Honor Society"
303,"JSU - Jewish Student Union, National Honor Society, Pickleball Club, Volleyball Team, We Belong (formerly Best Buddies)"
304,"HOSA Future Health Professionals, MSA - Muslim Student Association, MUN - Model United Nations, Muslim Student Association, National Science Honor Society, Pre-Med Club, Science National Honor Society"
305,"Basketball, Class of 2026, Horizon, Lacrosse"
306,"Chinese Culture Club, Crocheting & Knitting Club, MSA - Muslim Student Association, MUN - Model United Nations, National Chinese Honor Society, National English Honor Society, National History Honor Society, National Honor Society"
307,"Cross Country, Indoor Track, Outdoor Track"
308,"French Club, National Art Honor Society, National French Honor Society, National Science Honor Society"
309,"Baseball, Football, MUN - Model United Nations, National History Honor Society"
310,"Football, National Honor Society"
311,"Class of 2026, Football, Orchestra Program"
312,"Indian Dance Club, National Math Honor Society"
313,"Color Guard, Film & Photo Club, German Club, Humanities Program, Marching Band, National Honor Society, National Science Honor Society, Orchestra Program, Skyward Theatre, Tri-M Music Honor Society"
314,"Class of 2026, FBLA - Future Business Leaders of America, Lacrosse"
315,"Humanities Program, Student advocacy club, wounded warriors club"
316,"National English Honor Society, Soccer"
317,"Class of 2026, Horizon, Pickleball Club, We Belong (formerly Best Buddies), "
318,"Band, Color Guard, Humanities Program, Marching Band, MUN - Model United Nations, National Honor Society, National Social Studies Honor Society - Rho Kappa, Skyward Theatre"
319,"Chinese Culture Club, Color Guard, Indoor Track, Marching Band, National Chinese Honor Society, National Technical Honor Society, Outdoor Track, PLTW - Project Lead the Way, Tri-M Music Honor Society"
320,none
321,"Class of 2026, Football, JSU - Jewish Student Union, Outdoor Track, Skyward Theatre"
322,"Math Team, Pyoneers"
323,"Basketball, Chinese Culture Club, FCA - Fellowship of Christian Athletes, Lacrosse, National Chinese Honor Society, Pickleball Club, Soccer"
324,"Awkward Improv, National Honor Society, National Social Studies Honor Society - Rho Kappa, Orchestra Program, Student Advocacy Organization"
325,"Amnesty International, Badminton Club, Cranes4Kids, Crocheting & Knitting Club, Golf, HOSA Future Health Professionals, Humanities Program, It's Academic, Live Poet's Society, MUN - Model United Nations, National English Honor Society, National History Honor Society, National Honor Society, National Science Honor Society, National Social Studies Honor Society - Rho Kappa, PLTW - Project Lead the Way, Rho Kappa, Science National Honor Society"
326,"Cranes4Kids, Crocheting & Knitting Club, Culinary Club, Habitat for Humanity, National Art Honor Society, National English Honor Society, National History Honor Society, National Honor Society, Pre-Med Club, Red Cross, Science National Honor Society"
327,"Aquila Literary Magazine, Class of 2026, Humanities Program, National Art Honor Society, National English Honor Society, National Honor Society, National Social Studies Honor Society - Rho Kappa, Rho Kappa, Wrestling, Writing Circle"
328,"Choral Program, Indoor Track, JSU - Jewish Student Union, Morning Announcements, Outdoor Track, Writing Club"
329,"ARL, National Honor Society"
330,"FBLA - Future Business Leaders of America, FICC - Fincancial Investment Club/Competition"
331,"Humanities Program, National Math Honor Society, National Spanish Honor Society, Pre-Med Club"
332,"Cross Country, Indoor Track, Outdoor Club, Outdoor Track"
333,"BeautyinMe, Horizon, Volleyball Team, We Belong (formerly Best Buddies)"
334,"Amnesty International, Ethics Bowl, Humanities Advisory Board, Humanities Program, MUN - Model United Nations, National English Honor Society, National Honor Society, National Social Studies Honor Society - Rho Kappa, Rho Kappa, Tennis"
335,"Class of 2026, Fantasy Sports Club, Indoor Track, It's Academic, Machine Learning in Medicine, Outdoor Track"
336,"Choral Program, Class of 2026, FTC Robotics, PLTW - Project Lead the Way, Ultimate Disc Club"
337,"Humanities Program, Soccer"
338,"C# A cappella, FBLA - Future Business Leaders of America, National French Honor Society, National Honor Society, Skyward Theatre, Ultimate Disc Club"
339,"National Art Honor Society, National Honor Society, National Science Honor Society, Science National Honor Society, Wingspan"
340,"Baseball, FCA - Fellowship of Christian Athletes, Horizon, Soccer"
341,"ARL, Football"
342,"Aquila Literary Magazine, Cranes4Kids, Crocheting & Knitting Club, National Art Honor Society, National Science Honor Society"
343,"Band, Chess Club, Class of 2026, Indoor Track, Marching Band, National Technical Honor Society, Outdoor Track"
344,MSA - Muslim Student Association
345,"Chinese Culture Club, Indoor Track, National Chinese Honor Society, Outdoor Track, Philosophy Club"
346,"Crocheting & Knitting Club, Habitat for Humanity, HOSA Future Health Professionals, National Honor Society, National Science Honor Society, SASA - South Asian Student Association, Science National Honor Society, Science Olympiad"
347,"MUN - Model United Nations, National History Honor Society"
348,Baseball
349,"Class of 2027, Orchestra Program"
350,Youth Alive
351,"Chess Club, Writing Club, Robotics Club"
352,Class of 2027
353,"BSU - Black Student Union, Football, Indoor Track, Outdoor Track"
354,"Choral Program, Class of 2027, FIFA, Outdoor Track, Salvation Army Club"
355,none
356,none
357,"Class of 2027, Soccer"
358,"Class of 2027, Soccer"
359,Class of 2027
360,Dance
361,"Amnesty International, MSA - Muslim Student Association, Rubik's Cube Club"
362,"Salvation Army Club, Soccer"
363,"Class of 2027, Woodworking Club"
364,none
365,"Class of 2027, Ice Hockey, Wounded Warriors Club"
366,Band
367,"MUN - Model United Nations, Skyward Theatre, Woodworking Club"
368,"Chinese Culture Club, Field Hockey, Lacrosse, Wingspan"
369,"Choral Program, Class of 2028, Humanities Advisory Board, Humanities Program, It's Academic, K-pop, Science Olympiad, Tri-M Music Honor Society"
370,"Cross Country, Indoor Track, Outdoor Track"
371,"FCA - Fellowship of Christian Athletes, Soccer"
372,"BeautyinMe, Chinese Culture Club, Dance, National Dance Honor Society -  Delta Eta Pi"
373,none
374,"FCA - Fellowship of Christian Athletes, Soccer"
375,FTC Robotics
376,"6th Man, BeautyinMe, Class of 2027, Horizon, Lacrosse, Volleyball Team, Wingspan, Zaching Against Cancer"
377,"Cross Country, MUN - Model United Nations, Pre-Med Club, Red Cross, Science Olympiad"
378,"Humanities Program, Indoor Track, It's Academic, Outdoor Track, PAWS, Science Bowl, Wingspan"
379,Outdoor Track
380,"FBLA - Future Business Leaders of America, FICC - Fincancial Investment Club/Competition, KASA - Korean American Student Association, PLTW - Project Lead the Way, Wrestling"
381,"American Cancer Society, Field Hockey, Girl STEMpowerment, Lacrosse, Skyward Theatre"
382,"Horizon, National Chinese Honor Society, Tri-M Music Honor Society, Volleyball Team"
383,Class of 2028
384,"Class of 2027, FBLA - Future Business Leaders of America, FICC - Fincancial Investment Club/Competition, Humanities Program, LEFA Leaders of Economics & Finance in America, National French Honor Society, Salvation Army Club, SGA - Student Government Association, Soccer"
385,Writing Club
386,MSA - Muslim Student Association
387,"Football, Wrestling"
388,"Chinese Culture Club, Class of 2027, Humanities Program, National English Honor Society, Orchestra Program, Skyward Theatre"
389,"MSA - Muslim Student Association, National Art Honor Society, Pre-Med Club"
390,"Cheerleading, Mock Trial, Green Club "
391,"Class of 2027, MSA - Muslim Student Association"
392,none
393,"Class of 2027, Humanities Program, Volleyball Team"
394,Basketball
395,"Cheerleading, Class of 2028, JSU - Jewish Student Union, PAWS, Volleyball Team"
396,"French Club, Green School, National Art Honor Society, National English Honor Society, National French Honor Society, Red Cross, Salvation Army Club"
397,"Basketball, Class of 2027, FBLA - Future Business Leaders of America, FICC - Fincancial Investment Club/Competition, Humanities Program, Orchestra Program"
398,"Humanities Program, Orchestra Program, Pre-Med Club, Science Bowl, Science Olympiad, Wrestling"
399,"Beyond School Hours Tutoring, Choral Program, Empire Mock Trial, Humanities Program, It's Academic, Mock Trial, Moot Court, National English Honor Society, National History Honor Society, Tri-M Music Honor Society, Vocal Jazz, Independent Research"
400,"BSU - Black Student Union, Class of 2026, Dance, Horizon, Indoor Track, Outdoor Track, Philosophy Club"
401,"Marching Band, Music Mentors, Speech & Debate Team, Tri-M Music Honor Society"
402,"AI Club, Tech Journal, Tennis"
403,CyberPatriots
404,"Cross Country, Outdoor Club"
405,"AI Club, Anime Club, CAD Club, Chess Club, FTC Robotics, Golf, National Math Honor Society, Physics Club, Rubik's Cube Club"
406,Lacrosse
407,"Class of 2025, Graphics Club, National Art Honor Society, National Technical Honor Society"
408,none
409,none
410,Gaming Club
411,"ARL, Class of 2026, HOSA Future Health Professionals"
412,"Class of 2026, FBLA - Future Business Leaders of America, FICC - Fincancial Investment Club/Competition, National Honor Society, Science National Honor Society"
413,"Eagle Ambassadors, Empire Mock Trial, Mock Trial, MUN - Model United Nations, National Art Honor Society, National English Honor Society, National History Honor Society, National Honor Society, Science National Honor Society, Pre-Med Club"
414,"ARL, BeautyinMe, Choral Program, Class of 2026, Horizon, Soccer, We Belong (formerly Best Buddies), Young Dems"
415,"Band, Skyward Theatre"
416,"BeautyinMe, Class of 2026, Dance, Field Hockey, Horizon, National Dance Honor Society -  Delta Eta Pi"
417,"Badminton Club, Cross Country, Indoor Track, Music Outreach Program, National Chinese Honor Society, National English Honor Society, National Honor Society, Science Bowl, Science National Honor Society, Science Olympiad, Tri-M Music Honor Society"
418,"American Cancer Society, BeautyinMe, FCA - Fellowship of Christian Athletes, Key Club, National English Honor Society, Salvation Army Club, Volleyball Team, Wingspan"
419,"Empire Mock Trial, FBLA - Future Business Leaders of America, Mock Trial, Model Congress, Moot Court, MSA - Muslim Student Association, MUN - Model United Nations, National English Honor Society, National History Honor Society, SASA - South Asian Student Association, Speech & Debate Team"
420,"Choral Program, Classic Literature Club, Cross Country, Ethics Bowl, Indoor Track, Live Poet's Society, National English Honor Society, National Honor Society, Outdoor Track, Philosophy Club, Skyward Theatre, Tri-M Music Honor Society, Wingspan"
421,"ARL, Baseball, Class of 2026, Golf, National Social Studies Honor Society - Rho Kappa, Orchestra Program, Tri-M Music Honor Society, Wounded Warriors Club"
422,"American Cancer Society, FCA - Fellowship of Christian Athletes, International Thespian Society, Key Club, Salvation Army Club, Skyward Theatre, Softball, Volleyball Team, Sports for Kids"
423,none
424,"Class of 2027, Girl Up Foundation, Graphics Club"
425,Wrestling
426,"Badminton Club, Class of 2027, Orchestra Program, Rubik's Cube Club"
427,"UNICEF, Wingspan"
428,"Chinese Culture Club, Horizon, MSA - Muslim Student Association, Muslim Student Association"
429,"Choral Program, National English Honor Society, Softball, Tri-M Music Honor Society"
430,"Band, Indoor Track, Outdoor Track"
431,"Class of 2027, Cross Country, FCA - Fellowship of Christian Athletes, Indoor Track, Outdoor Club, Outdoor Track, Scholars Leadership Program, RISE"
432,"Choral Program, German Club, Music Outreach Program, Tri-M Music Honor Society, Volleyball Team, Centennial 6, Climate Action Plan"
433,Lacrosse
434,"Cheerleading, Class of 2028, Tennis"
435,"Cheerleading, Dance, National Dance Honor Society -  Delta Eta Pi, Scholars Leadership Program"
436,none
437,"Awkward Improv, International Thespian Society, Skyward Theatre"
438,Soccer
439,none
440,"BeautyinMe, Key Club, Tri-M Music Honor Society, Wingspan"
441,FCA - Fellowship of Christian Athletes
442,Field Hockey
443,"Baseball, Basketball, Fantasy Sports Club, Soccer"
444,Tennis
445,"Marching Band, Music Mentors, Outdoor Club, Tri-M Music Honor Society"
446,"Pre-Med Club, Red Cross"
447,"BeautyinMe, BSU - Black Student Union, Dance, Drill Team, National Dance Honor Society -  Delta Eta Pi"
448,Red Cross
449,"Astronomy Club, Class of 2028, Crocheting & Knitting Club, Girl Up Foundation, Indoor Track, MSA - Muslim Student Association, Pre-Med Club"
450,Pyoneers
451,"Class of 2027, FTC Robotics, German Club, Lacrosse"
452,"MUN - Model United Nations, Orchestra Program, Pyoneers, Web Development Club"
453,"FBLA - Future Business Leaders of America, Orchestra Program"
454,"Chess Club, Class of 2027, FBLA - Future Business Leaders of America, Lacrosse"
455,"Class of 2027, Outdoor Track, Psi Alpha Honor Society"
456,"Basketball, Class of 2028"
457,Class of 2026
458,"ARL, Class of 2027"
459,"Baseball, CAD Club, Class of 2027, FICC - Fincancial Investment Club/Competition, FTC Robotics"
460,"Class of 2028, FBLA - Future Business Leaders of America, Pre-Med Club, Red Cross"
461,"Baseball, Class of 2027, FCA - Fellowship of Christian Athletes"
462,"Choral Program, Class of 2027, National Social Studies Honor Society - Rho Kappa, Rho Kappa"
463,"Cranes4Kids, FBLA - Future Business Leaders of America, Golf, Pre-Med Club, Red Cross"
464,"Class of 2025, Ice Hockey"
465,"Competitive Coding, Marching Band, Math Team, Pyoneers"
466,"Aquila Literary Magazine, Class of 2027, LetterPals, National Art Honor Society"
467,"Cross Country, Indoor Track, Outdoor Club, Rubik's Cube Club"
468,"Class of 2028, Soccer"
469,"Amnesty International, Baseball, Class of 2028, FBLA - Future Business Leaders of America, Ice Hockey, MUN - Model United Nations, Orchestra Program, Red Cross, Speech & Debate Team, Tri-M Music Honor Society"
470,"Chess Club, Class of 2027, FTC Robotics"
471,"American Cancer Society, Class of 2027, Field Hockey, Girl STEMpowerment, Lacrosse"
472,"Orchestra Program, Salvation Army Club, Soccer"
473,"Basketball, Class of 2027, Orchestra Program, Red Cross, Wingspan, Sports for Kids"
474,"Green School, Chess Club, Class of 2026, Theatre Tech"
475,"MUN - Model United Nations, Red Cross, Speech & Debate Team"
476,"Band, Class of 2027, Ethics Bowl, FTC Robotics, Humanities Program, Marching Band, Math Team, Music Mentors, Music Outreach Program, National Math Honor Society, National Technical Honor Society, Philosophy Club, PLTW - Project Lead the Way, Tri-M Music Honor Society, Wrestling"
477,none
478,"Basketball, Class of 2026, Culinary Club"
479,"BSU - Black Student Union, Pyoneers, Scholars Leadership Program"
480,"Astronomy Club, Competitive Coding, Physics Club, Science Olympiad, Soccer"
481,"Cheerleading, Creactive Youth, Drill Team, National Art Honor Society, National Dance Honor Society -  Delta Eta Pi, National Honor Society, National Technical Honor Society, SAGA - Sexuality & Gender Alliance, SGA - Student Government Association"
482,"Class of 2027, Culinary Club, Film & Photo Club, Graphics Club, JSU - Jewish Student Union, Marching Band, Skyward Theatre, Tri-M Music Honor Society, Wingspan, "
483,"Baseball, Basketball, Soccer"
484,none
485,none
486,none
487,"Indoor Track, Outdoor Track"
488,"JSU - Jewish Student Union, Volleyball Team"
489,"CAD Club, FBLA - Future Business Leaders of America"
490,"Band, Competitive Coding, CyberPatriots, FTC Robotics, Jazz Band, Marching Band, Music Mentors, Soccer, Tri-M Music Honor Society"
491,none
492,Soccer
493,"Skyward Theatre, Softball"
494,"Chinese Culture Club, Class of 2027, National Chinese Honor Society, Orchestra Program, Skyward Theatre"
495,"Cheerleading, Classic Literature Club, Humanities Program, Music Mentors, Orchestra Program, Speech & Debate Team"
496,"American Sign Language, Basketball, Class of 2028, Humanities Program, Key Club, Lacrosse, Soccer"
497,"Chinese Culture Club, Class of 2025, CyberPatriots, SAGA - Sexuality & Gender Alliance, Humanities Program"
498,"Anime Club, Badminton Club, Chess Club, Chinese Culture Club, CyberPatriots, Music Outreach Program, National Math Honor Society, National Technical Honor Society, Orchestra Program, Physics Club, Pyoneers, Tech Journal, Tri-M Music Honor Society, Ultimate Disc Club"
499,"Band, C# A cappella, Choral Program, Marching Band, Music Mentors, Music Outreach Program, National English Honor Society, National Psychology Honor Society (Psi Alpha), National Spanish Honor Society, Skyward Theatre, Tri-M Music Honor Society"
500,"Cranes4Kids, Science Bowl, Woodworking Club"
501,"Baseball, Wrestling"
502,"Baseball, Basketball, FCA - Fellowship of Christian Athletes, Pickleball Club"
503,"Band, HOSA Future Health Professionals, Humanities Program, Jazz Band, Marching Band, Music Mentors, National English Honor Society, National Honor Society, National Math Honor Society, Pre-Med Club, Science National Honor Society, Science Olympiad, Tri-M Music Honor Society"
504,"MUN - Model United Nations, Web Development Club"
505,"Choral Program, Cross Country, Horizon, Indoor Track, National English Honor Society, Outdoor Track, Philosophy Club, Tri-M Music Honor Society, Outdoor Track"
506,"Class of 2027, Cross Country, Indoor Track, JSU - Jewish Student Union, Outdoor Club, Philosophy Club, PLTW - Project Lead the Way, Tennis, Youth Climate Institute"
507,"Awkward Improv, C# A cappella, Choral Program, Dance, Intern Mentor, International Thespian Society, Jazz Band, Marching Band, Music Mentors, National Dance Honor Society -  Delta Eta Pi, Skyward Theatre, Taylor Swift Club, Tri-M Music Honor Society"
508,"Football, Interact, Morning Announcements, Wounded Warriors Club"
509,"Basketball, Cross Country, Humanities Program, Music Outreach Program, National English Honor Society, National Math Honor Society, Orchestra Program, Outdoor Club, Outdoor Track, Science Olympiad, Tri-M Music Honor Society, Wingspan, Youth Climate Institute"
510,"Aquila Literary Magazine, Writing Club"
511,"Anime Club, Awkward Improv, C# A cappella, Humanities Advisory Board, Humanities Program, Skyward Theatre, Tri-M Music Honor Society"
512,Football
513,Chinese Culture Club
514,"Alpha Achievers, BSU - Black Student Union"
515,"BSU - Black Student Union, Football, Indoor Track, Outdoor Track"
516,none
517,"Alpha Achievers, BSU - Black Student Union"
518,"American Cancer Society, Basketball, Class of 2025, Football, Indoor Track, Outdoor Track, Wrestling"
519,none
520,"Basketball, Class of 2025, Horizon, Investment Club, Outdoor Club, Pickleball Club, Zaching Against Cancer"
521,Yearbook
522,"6th Man, Baseball, Class of 2025, Horizon, Investment Club"
523,"Dance, FBLA - Future Business Leaders of America, French Club, Horizon, Maryland Voices, Pickleball Club, Wingspan"
524,none
525,"Badminton Club, Chinese Culture Club, Class of 2025, National Chinese Honor Society, Ultimate Disc Club"
526,"ARL, Class of 2025, Cross Country, Indoor Track, National English Honor Society, National Honor Society, National Spanish Honor Society, Outdoor Club, Outdoor Track, Science National Honor Society"
527,"Empire Mock Trial, Mock Trial, Model Congress, MUN - Model United Nations, National History Honor Society, National Social Studies Honor Society - Rho Kappa, Rho Kappa"
528,"German Club, Intern Mentor"
529,"Class of 2026, Football, Orchestra Program"
530,none
531,Ultimate Disc Club
532,none
533,"Beyond School Hours Tutoring, Cross Country, Fantasy Sports Club, Indoor Track, Intern Mentor, National Honor Society, National Math Honor Society, Outdoor Club, Outdoor Track"
534,"American Cancer Society, Beyond School Hours Tutoring, Lacrosse, National Math Honor Society"
535,National English Honor Society
536,"Astronomy Club, Culinary Club"
537,"Basketball, Pickleball Club"
538,"Class of 2026, Wingspan"
539,"BeautyinMe, Intern Mentor, We Belong (formerly Best Buddies)"
540,"Band, Class of 2028, MSA - Muslim Student Association, National English Honor Society, SASA - South Asian Student Association, South Asian Culture Club"
541,none
542,none
543,none
544,none
545,none
546,none
547,none
548,none
549,none
550,none
551,none